match_id,utc_date,status,competition,season_start,season_end,home_team,away_team,score_home,score_away
534938,2025-03-29 21:30:00+00:00,FINISHED,Campeonato Brasileiro Série A,2025-03-29,2025-12-21,São Paulo FC,SC Recife,0.0,0.0
534940,2025-03-29 21:30:00+00:00,FINISHED,Campeonato Brasileiro Série A,2025-03-29,2025-12-21,Cruzeiro EC,Mirassol FC,2.0,1.0
534941,2025-03-29 21:30:00+00:00,FINISHED,Campeonato Brasileiro Série A,2025-03-29,2025-12-21,Grêmio FBPA,CA Mineiro,2.0,1.0
534943,2025-03-29 21:30:00+00:00,FINISHED,Campeonato Brasileiro Série A,2025-03-29,2025-12-21,Fortaleza EC,Fluminense FC,2.0,0.0
534944,2025-03-29 21:30:00+00:00,FINISHED,Campeonato Brasileiro Série A,2025-03-29,2025-12-21,EC Juventude,EC Vitória,2.0,0.0
534935,2025-03-30 00:00:00+00:00,FINISHED,Campeonato Brasileiro Série A,2025-03-29,2025-12-21,CR Flamengo,SC Internacional,1.0,1.0
534937,2025-03-30 19:00:00+00:00,FINISHED,Campeonato Brasileiro Série A,2025-03-29,2025-12-21,SE Palmeiras,Botafogo FR,0.0,0.0
534936,2025-03-30 21:30:00+00:00,FINISHED,Campeonato Brasileiro Série A,2025-03-29,2025-12-21,CR Vasco da Gama,Santos FC,2.0,1.0
534942,2025-03-30 23:00:00+00:00,FINISHED,Campeonato Brasileiro Série A,2025-03-29,2025-12-21,EC Bahia,SC Corinthians Paulista,1.0,1.0
534939,2025-03-31 23:00:00+00:00,FINISHED,Campeonato Brasileiro Série A,2025-03-29,2025-12-21,RB Bragantino,Ceará SC,2.0,2.0
534947,2025-04-05 21:30:00+00:00,FINISHED,Campeonato Brasileiro Série A,2025-03-29,2025-12-21,SC Corinthians Paulista,CR Vasco da Gama,3.0,0.0
534953,2025-04-05 21:30:00+00:00,FINISHED,Campeonato Brasileiro Série A,2025-03-29,2025-12-21,Ceará SC,Grêmio FBPA,2.0,0.0
534946,2025-04-06 00:00:00+00:00,FINISHED,Campeonato Brasileiro Série A,2025-03-29,2025-12-21,Botafogo FR,EC Juventude,2.0,0.0
534945,2025-04-06 19:00:00+00:00,FINISHED,Campeonato Brasileiro Série A,2025-03-29,2025-12-21,Fluminense FC,RB Bragantino,2.0,1.0
534950,2025-04-06 19:00:00+00:00,FINISHED,Campeonato Brasileiro Série A,2025-03-29,2025-12-21,CA Mineiro,São Paulo FC,0.0,0.0
534949,2025-04-06 21:30:00+00:00,FINISHED,Campeonato Brasileiro Série A,2025-03-29,2025-12-21,Mirassol FC,Fortaleza EC,1.0,1.0
534951,2025-04-06 21:30:00+00:00,FINISHED,Campeonato Brasileiro Série A,2025-03-29,2025-12-21,SC Internacional,Cruzeiro EC,3.0,0.0
534952,2025-04-06 21:30:00+00:00,FINISHED,Campeonato Brasileiro Série A,2025-03-29,2025-12-21,EC Vitória,CR Flamengo,1.0,2.0
534954,2025-04-06 21:30:00+00:00,FINISHED,Campeonato Brasileiro Série A,2025-03-29,2025-12-21,SC Recife,SE Palmeiras,1.0,2.0
534948,2025-04-06 23:30:00+00:00,FINISHED,Campeonato Brasileiro Série A,2025-03-29,2025-12-21,Santos FC,EC Bahia,2.0,2.0
534959,2025-04-12 19:00:00+00:00,FINISHED,Campeonato Brasileiro Série A,2025-03-29,2025-12-21,RB Bragantino,Botafogo FR,1.0,0.0
534964,2025-04-12 19:00:00+00:00,FINISHED,Campeonato Brasileiro Série A,2025-03-29,2025-12-21,EC Juventude,Ceará SC,2.0,1.0
534957,2025-04-12 21:30:00+00:00,FINISHED,Campeonato Brasileiro Série A,2025-03-29,2025-12-21,SE Palmeiras,SC Corinthians Paulista,2.0,0.0
534956,2025-04-13 00:00:00+00:00,FINISHED,Campeonato Brasileiro Série A,2025-03-29,2025-12-21,CR Vasco da Gama,SC Recife,3.0,1.0
534962,2025-04-13 19:00:00+00:00,FINISHED,Campeonato Brasileiro Série A,2025-03-29,2025-12-21,EC Bahia,Mirassol FC,1.0,1.0
534958,2025-04-13 20:30:00+00:00,FINISHED,Campeonato Brasileiro Série A,2025-03-29,2025-12-21,São Paulo FC,Cruzeiro EC,1.0,1.0
534961,2025-04-13 20:30:00+00:00,FINISHED,Campeonato Brasileiro Série A,2025-03-29,2025-12-21,Grêmio FBPA,CR Flamengo,0.0,2.0
534955,2025-04-13 22:30:00+00:00,FINISHED,Campeonato Brasileiro Série A,2025-03-29,2025-12-21,Fluminense FC,Santos FC,1.0,0.0
534963,2025-04-13 23:00:00+00:00,FINISHED,Campeonato Brasileiro Série A,2025-03-29,2025-12-21,Fortaleza EC,SC Internacional,0.0,0.0
534960,2025-04-13 23:30:00+00:00,FINISHED,Campeonato Brasileiro Série A,2025-03-29,2025-12-21,CA Mineiro,EC Vitória,2.0,2.0
534973,2025-04-16 00:30:00+00:00,FINISHED,Campeonato Brasileiro Série A,2025-03-29,2025-12-21,Ceará SC,CR Vasco da Gama,2.0,1.0
534966,2025-04-16 21:30:00+00:00,FINISHED,Campeonato Brasileiro Série A,2025-03-29,2025-12-21,Botafogo FR,São Paulo FC,2.0,2.0
534969,2025-04-16 22:00:00+00:00,FINISHED,Campeonato Brasileiro Série A,2025-03-29,2025-12-21,Mirassol FC,Grêmio FBPA,4.0,1.0
534974,2025-04-16 22:00:00+00:00,FINISHED,Campeonato Brasileiro Série A,2025-03-29,2025-12-21,SC Recife,RB Bragantino,0.0,1.0
534967,2025-04-16 22:30:00+00:00,FINISHED,Campeonato Brasileiro Série A,2025-03-29,2025-12-21,SC Corinthians Paulista,Fluminense FC,0.0,2.0
534971,2025-04-16 22:30:00+00:00,FINISHED,Campeonato Brasileiro Série A,2025-03-29,2025-12-21,SC Internacional,SE Palmeiras,0.0,1.0
534965,2025-04-17 00:30:00+00:00,FINISHED,Campeonato Brasileiro Série A,2025-03-29,2025-12-21,CR Flamengo,EC Juventude,6.0,0.0
534968,2025-04-17 00:30:00+00:00,FINISHED,Campeonato Brasileiro Série A,2025-03-29,2025-12-21,Santos FC,CA Mineiro,2.0,0.0
534972,2025-04-17 00:30:00+00:00,FINISHED,Campeonato Brasileiro Série A,2025-03-29,2025-12-21,EC Vitória,Fortaleza EC,2.0,1.0
534970,2025-04-18 00:30:00+00:00,FINISHED,Campeonato Brasileiro Série A,2025-03-29,2025-12-21,Cruzeiro EC,EC Bahia,3.0,0.0
534977,2025-04-19 19:00:00+00:00,FINISHED,Campeonato Brasileiro Série A,2025-03-29,2025-12-21,SC Corinthians Paulista,SC Recife,2.0,1.0
534976,2025-04-19 21:30:00+00:00,FINISHED,Campeonato Brasileiro Série A,2025-03-29,2025-12-21,CR Vasco da Gama,CR Flamengo,0.0,0.0
534981,2025-04-20 00:00:00+00:00,FINISHED,Campeonato Brasileiro Série A,2025-03-29,2025-12-21,Grêmio FBPA,SC Internacional,1.0,1.0
534984,2025-04-20 14:00:00+00:00,FINISHED,Campeonato Brasileiro Série A,2025-03-29,2025-12-21,EC Juventude,Mirassol FC,2.0,2.0
534978,2025-04-20 19:00:00+00:00,FINISHED,Campeonato Brasileiro Série A,2025-03-29,2025-12-21,São Paulo FC,Santos FC,2.0,1.0
534980,2025-04-20 19:00:00+00:00,FINISHED,Campeonato Brasileiro Série A,2025-03-29,2025-12-21,CA Mineiro,Botafogo FR,1.0,0.0
534975,2025-04-20 21:30:00+00:00,FINISHED,Campeonato Brasileiro Série A,2025-03-29,2025-12-21,Fluminense FC,EC Vitória,1.0,1.0
534983,2025-04-20 21:30:00+00:00,FINISHED,Campeonato Brasileiro Série A,2025-03-29,2025-12-21,Fortaleza EC,SE Palmeiras,1.0,2.0
534979,2025-04-20 23:30:00+00:00,FINISHED,Campeonato Brasileiro Série A,2025-03-29,2025-12-21,RB Bragantino,Cruzeiro EC,1.0,0.0
534982,2025-04-21 23:00:00+00:00,FINISHED,Campeonato Brasileiro Série A,2025-03-29,2025-12-21,EC Bahia,Ceará SC,1.0,0.0
534991,2025-04-26 19:00:00+00:00,FINISHED,Campeonato Brasileiro Série A,2025-03-29,2025-12-21,SC Internacional,EC Juventude,3.0,1.0
534989,2025-04-26 21:30:00+00:00,FINISHED,Campeonato Brasileiro Série A,2025-03-29,2025-12-21,Mirassol FC,CA Mineiro,2.0,2.0
534993,2025-04-26 21:30:00+00:00,FINISHED,Campeonato Brasileiro Série A,2025-03-29,2025-12-21,Ceará SC,São Paulo FC,1.0,1.0
534994,2025-04-26 23:00:00+00:00,FINISHED,Campeonato Brasileiro Série A,2025-03-29,2025-12-21,SC Recife,Fortaleza EC,0.0,0.0
534986,2025-04-27 00:00:00+00:00,FINISHED,Campeonato Brasileiro Série A,2025-03-29,2025-12-21,Botafogo FR,Fluminense FC,2.0,0.0
534985,2025-04-27 19:00:00+00:00,FINISHED,Campeonato Brasileiro Série A,2025-03-29,2025-12-21,CR Flamengo,SC Corinthians Paulista,4.0,0.0
534987,2025-04-27 21:30:00+00:00,FINISHED,Campeonato Brasileiro Série A,2025-03-29,2025-12-21,SE Palmeiras,EC Bahia,0.0,1.0
534990,2025-04-27 21:30:00+00:00,FINISHED,Campeonato Brasileiro Série A,2025-03-29,2025-12-21,Cruzeiro EC,CR Vasco da Gama,1.0,0.0
534992,2025-04-27 21:30:00+00:00,FINISHED,Campeonato Brasileiro Série A,2025-03-29,2025-12-21,EC Vitória,Grêmio FBPA,1.0,1.0
534988,2025-04-27 23:30:00+00:00,FINISHED,Campeonato Brasileiro Série A,2025-03-29,2025-12-21,Santos FC,RB Bragantino,1.0,2.0
534998,2025-05-03 00:30:00+00:00,FINISHED,Campeonato Brasileiro Série A,2025-03-29,2025-12-21,São Paulo FC,Fortaleza EC,0.0,0.0
534995,2025-05-03 21:30:00+00:00,FINISHED,Campeonato Brasileiro Série A,2025-03-29,2025-12-21,Fluminense FC,SC Recife,2.0,1.0
534997,2025-05-03 21:30:00+00:00,FINISHED,Campeonato Brasileiro Série A,2025-03-29,2025-12-21,SC Corinthians Paulista,SC Internacional,4.0,2.0
535003,2025-05-03 21:30:00+00:00,FINISHED,Campeonato Brasileiro Série A,2025-03-29,2025-12-21,Ceará SC,EC Vitória,1.0,0.0
535002,2025-05-04 00:00:00+00:00,FINISHED,Campeonato Brasileiro Série A,2025-03-29,2025-12-21,EC Bahia,Botafogo FR,1.0,0.0
534996,2025-05-04 19:00:00+00:00,FINISHED,Campeonato Brasileiro Série A,2025-03-29,2025-12-21,CR Vasco da Gama,SE Palmeiras,0.0,1.0
535001,2025-05-04 19:00:00+00:00,FINISHED,Campeonato Brasileiro Série A,2025-03-29,2025-12-21,Grêmio FBPA,Santos FC,1.0,0.0
535000,2025-05-04 21:30:00+00:00,FINISHED,Campeonato Brasileiro Série A,2025-03-29,2025-12-21,Cruzeiro EC,CR Flamengo,2.0,1.0
534999,2025-05-05 22:00:00+00:00,FINISHED,Campeonato Brasileiro Série A,2025-03-29,2025-12-21,RB Bragantino,Mirassol FC,1.0,0.0
535004,2025-05-05 23:00:00+00:00,FINISHED,Campeonato Brasileiro Série A,2025-03-29,2025-12-21,EC Juventude,CA Mineiro,0.0,1.0
535013,2025-05-10 19:00:00+00:00,FINISHED,Campeonato Brasileiro Série A,2025-03-29,2025-12-21,Fortaleza EC,EC Juventude,5.0,0.0
535009,2025-05-10 21:30:00+00:00,FINISHED,Campeonato Brasileiro Série A,2025-03-29,2025-12-21,Mirassol FC,SC Corinthians Paulista,2.0,1.0
535011,2025-05-10 21:30:00+00:00,FINISHED,Campeonato Brasileiro Série A,2025-03-29,2025-12-21,Grêmio FBPA,RB Bragantino,1.0,1.0
535012,2025-05-10 21:30:00+00:00,FINISHED,Campeonato Brasileiro Série A,2025-03-29,2025-12-21,EC Vitória,CR Vasco da Gama,2.0,1.0
535005,2025-05-11 00:00:00+00:00,FINISHED,Campeonato Brasileiro Série A,2025-03-29,2025-12-21,CR Flamengo,EC Bahia,1.0,0.0
535014,2025-05-11 19:00:00+00:00,FINISHED,Campeonato Brasileiro Série A,2025-03-29,2025-12-21,SC Recife,Cruzeiro EC,0.0,4.0
535007,2025-05-11 20:30:00+00:00,FINISHED,Campeonato Brasileiro Série A,2025-03-29,2025-12-21,SE Palmeiras,São Paulo FC,1.0,0.0
535010,2025-05-11 20:30:00+00:00,FINISHED,Campeonato Brasileiro Série A,2025-03-29,2025-12-21,CA Mineiro,Fluminense FC,3.0,2.0
535006,2025-05-11 23:00:00+00:00,FINISHED,Campeonato Brasileiro Série A,2025-03-29,2025-12-21,Botafogo FR,SC Internacional,4.0,0.0
535008,2025-05-12 23:00:00+00:00,FINISHED,Campeonato Brasileiro Série A,2025-03-29,2025-12-21,Santos FC,Ceará SC,0.0,0.0
535023,2025-05-17 19:00:00+00:00,FINISHED,Campeonato Brasileiro Série A,2025-03-29,2025-12-21,Ceará SC,SC Recife,2.0,0.0
535016,2025-05-17 21:30:00+00:00,FINISHED,Campeonato Brasileiro Série A,2025-03-29,2025-12-21,CR Vasco da Gama,Fortaleza EC,3.0,0.0
535018,2025-05-18 00:00:00+00:00,FINISHED,Campeonato Brasileiro Série A,2025-03-29,2025-12-21,São Paulo FC,Grêmio FBPA,2.0,1.0
535017,2025-05-18 19:00:00+00:00,FINISHED,Campeonato Brasileiro Série A,2025-03-29,2025-12-21,SC Corinthians Paulista,Santos FC,1.0,0.0
535022,2025-05-18 19:00:00+00:00,FINISHED,Campeonato Brasileiro Série A,2025-03-29,2025-12-21,EC Bahia,EC Vitória,2.0,1.0
535024,2025-05-18 19:00:00+00:00,FINISHED,Campeonato Brasileiro Série A,2025-03-29,2025-12-21,EC Juventude,Fluminense FC,1.0,1.0
535015,2025-05-18 21:30:00+00:00,FINISHED,Campeonato Brasileiro Série A,2025-03-29,2025-12-21,CR Flamengo,Botafogo FR,0.0,0.0
535019,2025-05-18 21:30:00+00:00,FINISHED,Campeonato Brasileiro Série A,2025-03-29,2025-12-21,RB Bragantino,SE Palmeiras,1.0,2.0
535020,2025-05-18 23:30:00+00:00,FINISHED,Campeonato Brasileiro Série A,2025-03-29,2025-12-21,Cruzeiro EC,CA Mineiro,0.0,0.0
535021,2025-05-18 23:30:00+00:00,FINISHED,Campeonato Brasileiro Série A,2025-03-29,2025-12-21,SC Internacional,Mirassol FC,1.0,1.0
535025,2025-05-24 21:30:00+00:00,FINISHED,Campeonato Brasileiro Série A,2025-03-29,2025-12-21,Fluminense FC,CR Vasco da Gama,2.0,1.0
535028,2025-05-24 21:30:00+00:00,FINISHED,Campeonato Brasileiro Série A,2025-03-29,2025-12-21,São Paulo FC,Mirassol FC,0.0,2.0
535030,2025-05-25 00:00:00+00:00,FINISHED,Campeonato Brasileiro Série A,2025-03-29,2025-12-21,CA Mineiro,SC Corinthians Paulista,0.0,0.0
535031,2025-05-25 14:00:00+00:00,FINISHED,Campeonato Brasileiro Série A,2025-03-29,2025-12-21,Grêmio FBPA,EC Bahia,1.0,0.0
535027,2025-05-25 19:00:00+00:00,FINISHED,Campeonato Brasileiro Série A,2025-03-29,2025-12-21,SE Palmeiras,CR Flamengo,0.0,2.0
535034,2025-05-25 19:00:00+00:00,FINISHED,Campeonato Brasileiro Série A,2025-03-29,2025-12-21,SC Recife,SC Internacional,1.0,1.0
535032,2025-05-25 21:30:00+00:00,FINISHED,Campeonato Brasileiro Série A,2025-03-29,2025-12-21,EC Vitória,Santos FC,0.0,1.0
535033,2025-05-25 23:30:00+00:00,FINISHED,Campeonato Brasileiro Série A,2025-03-29,2025-12-21,Fortaleza EC,Cruzeiro EC,0.0,2.0
535029,2025-05-26 23:00:00+00:00,FINISHED,Campeonato Brasileiro Série A,2025-03-29,2025-12-21,RB Bragantino,EC Juventude,1.0,0.0
535042,2025-05-31 21:30:00+00:00,FINISHED,Campeonato Brasileiro Série A,2025-03-29,2025-12-21,EC Bahia,São Paulo FC,2.0,1.0
535036,2025-06-01 00:00:00+00:00,FINISHED,Campeonato Brasileiro Série A,2025-03-29,2025-12-21,CR Vasco da Gama,RB Bragantino,0.0,2.0
535039,2025-06-01 14:00:00+00:00,FINISHED,Campeonato Brasileiro Série A,2025-03-29,2025-12-21,Mirassol FC,SC Recife,1.0,0.0
535044,2025-06-01 19:00:00+00:00,FINISHED,Campeonato Brasileiro Série A,2025-03-29,2025-12-21,EC Juventude,Grêmio FBPA,0.0,2.0
535038,2025-06-01 19:00:00+00:00,FINISHED,Campeonato Brasileiro Série A,2025-03-29,2025-12-21,Santos FC,Botafogo FR,0.0,1.0
535043,2025-06-01 21:30:00+00:00,FINISHED,Campeonato Brasileiro Série A,2025-03-29,2025-12-21,Ceará SC,CA Mineiro,0.0,1.0
535035,2025-06-01 21:30:00+00:00,FINISHED,Campeonato Brasileiro Série A,2025-03-29,2025-12-21,CR Flamengo,Fortaleza EC,5.0,0.0
535037,2025-06-01 21:30:00+00:00,FINISHED,Campeonato Brasileiro Série A,2025-03-29,2025-12-21,SC Corinthians Paulista,EC Vitória,0.0,0.0
535040,2025-06-01 22:30:00+00:00,FINISHED,Campeonato Brasileiro Série A,2025-03-29,2025-12-21,Cruzeiro EC,SE Palmeiras,2.0,1.0
535041,2025-06-01 23:30:00+00:00,FINISHED,Campeonato Brasileiro Série A,2025-03-29,2025-12-21,SC Internacional,Fluminense FC,0.0,2.0
535026,2025-06-04 23:00:00+00:00,FINISHED,Campeonato Brasileiro Série A,2025-03-29,2025-12-21,Botafogo FR,Ceará SC,3.0,2.0
535045,2025-06-11 00:00:00+00:00,POSTPONED,Campeonato Brasileiro Série A,2025-03-29,2025-12-21,Fluminense FC,Ceará SC,,
535054,2025-06-11 00:00:00+00:00,POSTPONED,Campeonato Brasileiro Série A,2025-03-29,2025-12-21,SC Recife,CR Flamengo,,
535049,2025-06-12 22:00:00+00:00,FINISHED,Campeonato Brasileiro Série A,2025-03-29,2025-12-21,RB Bragantino,EC Bahia,0.0,3.0
535052,2025-06-12 22:00:00+00:00,FINISHED,Campeonato Brasileiro Série A,2025-03-29,2025-12-21,EC Vitória,Cruzeiro EC,0.0,0.0
535053,2025-06-12 22:30:00+00:00,FINISHED,Campeonato Brasileiro Série A,2025-03-29,2025-12-21,Fortaleza EC,Santos FC,2.0,3.0
535051,2025-06-12 23:00:00+00:00,FINISHED,Campeonato Brasileiro Série A,2025-03-29,2025-12-21,Grêmio FBPA,SC Corinthians Paulista,1.0,1.0
535048,2025-06-13 00:30:00+00:00,FINISHED,Campeonato Brasileiro Série A,2025-03-29,2025-12-21,São Paulo FC,CR Vasco da Gama,1.0,3.0
535050,2025-06-13 00:30:00+00:00,FINISHED,Campeonato Brasileiro Série A,2025-03-29,2025-12-21,CA Mineiro,SC Internacional,2.0,0.0
535055,2025-07-12 19:30:00+00:00,FINISHED,Campeonato Brasileiro Série A,2025-03-29,2025-12-21,CR Flamengo,São Paulo FC,2.0,0.0
535061,2025-07-12 19:30:00+00:00,FINISHED,Campeonato Brasileiro Série A,2025-03-29,2025-12-21,SC Internacional,EC Vitória,1.0,0.0
535056,2025-07-12 21:30:00+00:00,FINISHED,Campeonato Brasileiro Série A,2025-03-29,2025-12-21,CR Vasco da Gama,Botafogo FR,0.0,2.0
535058,2025-07-13 00:00:00+00:00,POSTPONED,Campeonato Brasileiro Série A,2025-03-29,2025-12-21,Santos FC,SE Palmeiras,,
535062,2025-07-13 00:00:00+00:00,FINISHED,Campeonato Brasileiro Série A,2025-03-29,2025-12-21,EC Bahia,CA Mineiro,2.0,1.0
535057,2025-07-13 22:00:00+00:00,FINISHED,Campeonato Brasileiro Série A,2025-03-29,2025-12-21,SC Corinthians Paulista,RB Bragantino,1.0,2.0
535060,2025-07-13 23:30:00+00:00,FINISHED,Campeonato Brasileiro Série A,2025-03-29,2025-12-21,Cruzeiro EC,Grêmio FBPA,4.0,1.0
535063,2025-07-13 23:30:00+00:00,FINISHED,Campeonato Brasileiro Série A,2025-03-29,2025-12-21,Fortaleza EC,Ceará SC,0.0,1.0
535064,2025-07-14 23:00:00+00:00,FINISHED,Campeonato Brasileiro Série A,2025-03-29,2025-12-21,EC Juventude,SC Recife,2.0,0.0
535067,2025-07-16 22:00:00+00:00,FINISHED,Campeonato Brasileiro Série A,2025-03-29,2025-12-21,SE Palmeiras,Mirassol FC,1.0,1.0
535073,2025-07-16 22:30:00+00:00,FINISHED,Campeonato Brasileiro Série A,2025-03-29,2025-12-21,Ceará SC,SC Corinthians Paulista,0.0,1.0
535068,2025-07-16 23:00:00+00:00,FINISHED,Campeonato Brasileiro Série A,2025-03-29,2025-12-21,Santos FC,CR Flamengo,1.0,0.0
535066,2025-07-17 00:30:00+00:00,FINISHED,Campeonato Brasileiro Série A,2025-03-29,2025-12-21,Botafogo FR,EC Vitória,0.0,0.0
535069,2025-07-17 00:30:00+00:00,FINISHED,Campeonato Brasileiro Série A,2025-03-29,2025-12-21,RB Bragantino,São Paulo FC,2.0,2.0
535065,2025-07-17 22:30:00+00:00,FINISHED,Campeonato Brasileiro Série A,2025-03-29,2025-12-21,Fluminense FC,Cruzeiro EC,0.0,2.0
535083,2025-07-19 19:00:00+00:00,FINISHED,Campeonato Brasileiro Série A,2025-03-29,2025-12-21,Fortaleza EC,EC Bahia,1.0,1.0
535076,2025-07-19 20:30:00+00:00,FINISHED,Campeonato Brasileiro Série A,2025-03-29,2025-12-21,CR Vasco da Gama,Grêmio FBPA,1.0,1.0
535079,2025-07-19 21:30:00+00:00,FINISHED,Campeonato Brasileiro Série A,2025-03-29,2025-12-21,Mirassol FC,Santos FC,3.0,0.0
535078,2025-07-20 00:00:00+00:00,FINISHED,Campeonato Brasileiro Série A,2025-03-29,2025-12-21,São Paulo FC,SC Corinthians Paulista,2.0,0.0
535081,2025-07-20 14:00:00+00:00,FINISHED,Campeonato Brasileiro Série A,2025-03-29,2025-12-21,SC Internacional,Ceará SC,1.0,0.0
535080,2025-07-20 19:00:00+00:00,FINISHED,Campeonato Brasileiro Série A,2025-03-29,2025-12-21,Cruzeiro EC,EC Juventude,4.0,0.0
535082,2025-07-20 19:00:00+00:00,FINISHED,Campeonato Brasileiro Série A,2025-03-29,2025-12-21,EC Vitória,RB Bragantino,1.0,0.0
535077,2025-07-20 20:30:00+00:00,FINISHED,Campeonato Brasileiro Série A,2025-03-29,2025-12-21,SE Palmeiras,CA Mineiro,3.0,2.0
535084,2025-07-20 20:30:00+00:00,FINISHED,Campeonato Brasileiro Série A,2025-03-29,2025-12-21,SC Recife,Botafogo FR,0.0,1.0
535075,2025-07-20 22:30:00+00:00,FINISHED,Campeonato Brasileiro Série A,2025-03-29,2025-12-21,CR Flamengo,Fluminense FC,1.0,0.0
535090,2025-07-23 00:00:00+00:00,POSTPONED,Campeonato Brasileiro Série A,2025-03-29,2025-12-21,CA Mineiro,Fortaleza EC,,
535085,2025-07-23 22:00:00+00:00,FINISHED,Campeonato Brasileiro Série A,2025-03-29,2025-12-21,Fluminense FC,SE Palmeiras,1.0,2.0
535093,2025-07-23 22:00:00+00:00,FINISHED,Campeonato Brasileiro Série A,2025-03-29,2025-12-21,Ceará SC,Mirassol FC,0.0,2.0
535087,2025-07-23 22:30:00+00:00,FINISHED,Campeonato Brasileiro Série A,2025-03-29,2025-12-21,SC Corinthians Paulista,Cruzeiro EC,0.0,0.0
535088,2025-07-24 00:30:00+00:00,FINISHED,Campeonato Brasileiro Série A,2025-03-29,2025-12-21,Santos FC,SC Internacional,1.0,2.0
535089,2025-07-24 00:30:00+00:00,FINISHED,Campeonato Brasileiro Série A,2025-03-29,2025-12-21,RB Bragantino,CR Flamengo,1.0,2.0
535092,2025-07-24 00:30:00+00:00,FINISHED,Campeonato Brasileiro Série A,2025-03-29,2025-12-21,EC Vitória,SC Recife,2.0,2.0
535094,2025-07-24 22:00:00+00:00,FINISHED,Campeonato Brasileiro Série A,2025-03-29,2025-12-21,EC Juventude,São Paulo FC,0.0,1.0
535096,2025-07-26 21:30:00+00:00,FINISHED,Campeonato Brasileiro Série A,2025-03-29,2025-12-21,Botafogo FR,SC Corinthians Paulista,1.0,1.0
535099,2025-07-26 21:30:00+00:00,FINISHED,Campeonato Brasileiro Série A,2025-03-29,2025-12-21,Mirassol FC,EC Vitória,1.0,1.0
535103,2025-07-26 21:30:00+00:00,FINISHED,Campeonato Brasileiro Série A,2025-03-29,2025-12-21,Fortaleza EC,RB Bragantino,3.0,1.0
535104,2025-07-26 21:30:00+00:00,FINISHED,Campeonato Brasileiro Série A,2025-03-29,2025-12-21,SC Recife,Santos FC,2.0,2.0
535097,2025-07-27 00:00:00+00:00,FINISHED,Campeonato Brasileiro Série A,2025-03-29,2025-12-21,SE Palmeiras,Grêmio FBPA,1.0,0.0
535098,2025-07-27 19:00:00+00:00,FINISHED,Campeonato Brasileiro Série A,2025-03-29,2025-12-21,São Paulo FC,Fluminense FC,3.0,1.0
535100,2025-07-27 19:00:00+00:00,FINISHED,Campeonato Brasileiro Série A,2025-03-29,2025-12-21,Cruzeiro EC,Ceará SC,1.0,2.0
535101,2025-07-27 21:30:00+00:00,FINISHED,Campeonato Brasileiro Série A,2025-03-29,2025-12-21,SC Internacional,CR Vasco da Gama,1.0,1.0
535102,2025-07-27 21:30:00+00:00,FINISHED,Campeonato Brasileiro Série A,2025-03-29,2025-12-21,EC Bahia,EC Juventude,3.0,0.0
535095,2025-07-27 23:30:00+00:00,FINISHED,Campeonato Brasileiro Série A,2025-03-29,2025-12-21,CR Flamengo,CA Mineiro,1.0,0.0
535071,2025-07-29 23:30:00+00:00,FINISHED,Campeonato Brasileiro Série A,2025-03-29,2025-12-21,Grêmio FBPA,Fortaleza EC,2.0,1.0
535114,2025-08-02 19:00:00+00:00,FINISHED,Campeonato Brasileiro Série A,2025-03-29,2025-12-21,SC Recife,EC Bahia,0.0,0.0
535109,2025-08-02 21:30:00+00:00,FINISHED,Campeonato Brasileiro Série A,2025-03-29,2025-12-21,Mirassol FC,CR Vasco da Gama,3.0,2.0
535105,2025-08-03 00:00:00+00:00,FINISHED,Campeonato Brasileiro Série A,2025-03-29,2025-12-21,Fluminense FC,Grêmio FBPA,1.0,0.0
535106,2025-08-03 19:00:00+00:00,FINISHED,Campeonato Brasileiro Série A,2025-03-29,2025-12-21,Botafogo FR,Cruzeiro EC,0.0,2.0
535107,2025-08-03 19:00:00+00:00,FINISHED,Campeonato Brasileiro Série A,2025-03-29,2025-12-21,SC Corinthians Paulista,Fortaleza EC,1.0,1.0
535110,2025-08-03 21:30:00+00:00,FINISHED,Campeonato Brasileiro Série A,2025-03-29,2025-12-21,CA Mineiro,RB Bragantino,2.0,1.0
535113,2025-08-03 21:30:00+00:00,FINISHED,Campeonato Brasileiro Série A,2025-03-29,2025-12-21,Ceará SC,CR Flamengo,1.0,1.0
535112,2025-08-03 22:30:00+00:00,FINISHED,Campeonato Brasileiro Série A,2025-03-29,2025-12-21,EC Vitória,SE Palmeiras,2.0,2.0
535111,2025-08-03 23:30:00+00:00,FINISHED,Campeonato Brasileiro Série A,2025-03-29,2025-12-21,SC Internacional,São Paulo FC,1.0,2.0
535108,2025-08-04 23:00:00+00:00,FINISHED,Campeonato Brasileiro Série A,2025-03-29,2025-12-21,Santos FC,EC Juventude,3.0,1.0
535115,2025-08-09 21:30:00+00:00,FINISHED,Campeonato Brasileiro Série A,2025-03-29,2025-12-21,CR Flamengo,Mirassol FC,2.0,1.0
535118,2025-08-09 21:30:00+00:00,FINISHED,Campeonato Brasileiro Série A,2025-03-29,2025-12-21,São Paulo FC,EC Vitória,2.0,0.0
535119,2025-08-09 21:30:00+00:00,FINISHED,Campeonato Brasileiro Série A,2025-03-29,2025-12-21,RB Bragantino,SC Internacional,1.0,3.0
535123,2025-08-09 23:30:00+00:00,FINISHED,Campeonato Brasileiro Série A,2025-03-29,2025-12-21,Fortaleza EC,Botafogo FR,0.0,5.0
535122,2025-08-10 00:00:00+00:00,FINISHED,Campeonato Brasileiro Série A,2025-03-29,2025-12-21,EC Bahia,Fluminense FC,3.0,3.0
535116,2025-08-10 19:00:00+00:00,FINISHED,Campeonato Brasileiro Série A,2025-03-29,2025-12-21,CR Vasco da Gama,CA Mineiro,1.0,1.0
535117,2025-08-10 19:00:00+00:00,FINISHED,Campeonato Brasileiro Série A,2025-03-29,2025-12-21,SE Palmeiras,Ceará SC,2.0,1.0
535120,2025-08-10 21:30:00+00:00,FINISHED,Campeonato Brasileiro Série A,2025-03-29,2025-12-21,Cruzeiro EC,Santos FC,1.0,2.0
535121,2025-08-10 23:30:00+00:00,FINISHED,Campeonato Brasileiro Série A,2025-03-29,2025-12-21,Grêmio FBPA,SC Recife,0.0,1.0
535124,2025-08-11 23:00:00+00:00,FINISHED,Campeonato Brasileiro Série A,2025-03-29,2025-12-21,EC Juventude,SC Corinthians Paulista,2.0,1.0
535125,2025-08-16 19:00:00+00:00,FINISHED,Campeonato Brasileiro Série A,2025-03-29,2025-12-21,Fluminense FC,Fortaleza EC,2.0,1.0
535133,2025-08-16 19:00:00+00:00,FINISHED,Campeonato Brasileiro Série A,2025-03-29,2025-12-21,Ceará SC,RB Bragantino,1.0,0.0
535132,2025-08-16 21:30:00+00:00,FINISHED,Campeonato Brasileiro Série A,2025-03-29,2025-12-21,EC Vitória,EC Juventude,2.0,2.0
535134,2025-08-16 21:30:00+00:00,FINISHED,Campeonato Brasileiro Série A,2025-03-29,2025-12-21,SC Recife,São Paulo FC,2.0,2.0
535127,2025-08-17 00:00:00+00:00,FINISHED,Campeonato Brasileiro Série A,2025-03-29,2025-12-21,SC Corinthians Paulista,EC Bahia,1.0,2.0
535128,2025-08-17 19:00:00+00:00,FINISHED,Campeonato Brasileiro Série A,2025-03-29,2025-12-21,Santos FC,CR Vasco da Gama,0.0,6.0
535130,2025-08-17 19:00:00+00:00,FINISHED,Campeonato Brasileiro Série A,2025-03-29,2025-12-21,CA Mineiro,Grêmio FBPA,1.0,3.0
535131,2025-08-17 21:30:00+00:00,FINISHED,Campeonato Brasileiro Série A,2025-03-29,2025-12-21,SC Internacional,CR Flamengo,1.0,3.0
535126,2025-08-17 23:30:00+00:00,FINISHED,Campeonato Brasileiro Série A,2025-03-29,2025-12-21,Botafogo FR,SE Palmeiras,0.0,1.0
535129,2025-08-18 23:00:00+00:00,FINISHED,Campeonato Brasileiro Série A,2025-03-29,2025-12-21,Mirassol FC,Cruzeiro EC,1.0,1.0
535074,2025-08-20 22:00:00+00:00,FINISHED,Campeonato Brasileiro Série A,2025-03-29,2025-12-21,EC Juventude,CR Vasco da Gama,2.0,0.0
535139,2025-08-23 19:00:00+00:00,FINISHED,Campeonato Brasileiro Série A,2025-03-29,2025-12-21,RB Bragantino,Fluminense FC,4.0,2.0
535140,2025-08-23 21:30:00+00:00,FINISHED,Campeonato Brasileiro Série A,2025-03-29,2025-12-21,Cruzeiro EC,SC Internacional,2.0,1.0
535141,2025-08-24 00:00:00+00:00,FINISHED,Campeonato Brasileiro Série A,2025-03-29,2025-12-21,Grêmio FBPA,Ceará SC,0.0,0.0
535136,2025-08-24 19:00:00+00:00,FINISHED,Campeonato Brasileiro Série A,2025-03-29,2025-12-21,CR Vasco da Gama,SC Corinthians Paulista,2.0,3.0
535142,2025-08-24 19:00:00+00:00,FINISHED,Campeonato Brasileiro Série A,2025-03-29,2025-12-21,EC Bahia,Santos FC,2.0,0.0
535143,2025-08-24 21:30:00+00:00,FINISHED,Campeonato Brasileiro Série A,2025-03-29,2025-12-21,Fortaleza EC,Mirassol FC,0.0,1.0
535144,2025-08-24 21:30:00+00:00,FINISHED,Campeonato Brasileiro Série A,2025-03-29,2025-12-21,EC Juventude,Botafogo FR,1.0,3.0
535138,2025-08-24 23:30:00+00:00,FINISHED,Campeonato Brasileiro Série A,2025-03-29,2025-12-21,São Paulo FC,CA Mineiro,2.0,0.0
535137,2025-08-25 22:00:00+00:00,FINISHED,Campeonato Brasileiro Série A,2025-03-29,2025-12-21,SE Palmeiras,SC Recife,3.0,0.0
535135,2025-08-26 00:00:00+00:00,FINISHED,Campeonato Brasileiro Série A,2025-03-29,2025-12-21,CR Flamengo,EC Vitória,8.0,0.0
535153,2025-08-30 19:00:00+00:00,FINISHED,Campeonato Brasileiro Série A,2025-03-29,2025-12-21,Ceará SC,EC Juventude,0.0,1.0
535146,2025-08-30 21:30:00+00:00,FINISHED,Campeonato Brasileiro Série A,2025-03-29,2025-12-21,Botafogo FR,RB Bragantino,4.0,1.0
535150,2025-08-31 00:00:00+00:00,FINISHED,Campeonato Brasileiro Série A,2025-03-29,2025-12-21,Cruzeiro EC,São Paulo FC,1.0,0.0
535145,2025-08-31 19:00:00+00:00,FINISHED,Campeonato Brasileiro Série A,2025-03-29,2025-12-21,CR Flamengo,Grêmio FBPA,1.0,1.0
535148,2025-08-31 19:00:00+00:00,FINISHED,Campeonato Brasileiro Série A,2025-03-29,2025-12-21,Santos FC,Fluminense FC,0.0,0.0
535147,2025-08-31 21:30:00+00:00,FINISHED,Campeonato Brasileiro Série A,2025-03-29,2025-12-21,SC Corinthians Paulista,SE Palmeiras,1.0,1.0
535149,2025-08-31 21:30:00+00:00,FINISHED,Campeonato Brasileiro Série A,2025-03-29,2025-12-21,Mirassol FC,EC Bahia,5.0,1.0
535152,2025-08-31 21:30:00+00:00,FINISHED,Campeonato Brasileiro Série A,2025-03-29,2025-12-21,EC Vitória,CA Mineiro,1.0,0.0
535151,2025-08-31 23:30:00+00:00,FINISHED,Campeonato Brasileiro Série A,2025-03-29,2025-12-21,SC Internacional,Fortaleza EC,2.0,1.0
535154,2025-08-31 23:30:00+00:00,FINISHED,Campeonato Brasileiro Série A,2025-03-29,2025-12-21,SC Recife,CR Vasco da Gama,2.0,3.0
535161,2025-09-13 19:00:00+00:00,FINISHED,Campeonato Brasileiro Série A,2025-03-29,2025-12-21,Grêmio FBPA,Mirassol FC,0.0,1.0
535163,2025-09-13 19:00:00+00:00,FINISHED,Campeonato Brasileiro Série A,2025-03-29,2025-12-21,Fortaleza EC,EC Vitória,2.0,0.0
535157,2025-09-13 21:30:00+00:00,FINISHED,Campeonato Brasileiro Série A,2025-03-29,2025-12-21,SE Palmeiras,SC Internacional,4.0,1.0
535155,2025-09-14 00:00:00+00:00,FINISHED,Campeonato Brasileiro Série A,2025-03-29,2025-12-21,Fluminense FC,SC Corinthians Paulista,0.0,1.0
535159,2025-09-14 14:00:00+00:00,FINISHED,Campeonato Brasileiro Série A,2025-03-29,2025-12-21,RB Bragantino,SC Recife,1.0,1.0
535160,2025-09-14 19:00:00+00:00,FINISHED,Campeonato Brasileiro Série A,2025-03-29,2025-12-21,CA Mineiro,Santos FC,1.0,1.0
535164,2025-09-14 19:00:00+00:00,FINISHED,Campeonato Brasileiro Série A,2025-03-29,2025-12-21,EC Juventude,CR Flamengo,0.0,2.0
535158,2025-09-14 20:30:00+00:00,FINISHED,Campeonato Brasileiro Série A,2025-03-29,2025-12-21,São Paulo FC,Botafogo FR,1.0,0.0
535156,2025-09-14 23:30:00+00:00,FINISHED,Campeonato Brasileiro Série A,2025-03-29,2025-12-21,CR Vasco da Gama,Ceará SC,2.0,2.0
535162,2025-09-15 23:00:00+00:00,FINISHED,Campeonato Brasileiro Série A,2025-03-29,2025-12-21,EC Bahia,Cruzeiro EC,1.0,2.0
535046,2025-09-17 22:30:00+00:00,FINISHED,Campeonato Brasileiro Série A,2025-03-29,2025-12-21,Botafogo FR,Mirassol FC,3.0,3.0
535172,2025-09-20 19:00:00+00:00,FINISHED,Campeonato Brasileiro Série A,2025-03-29,2025-12-21,EC Vitória,Fluminense FC,0.0,1.0
535166,2025-09-20 21:30:00+00:00,FINISHED,Campeonato Brasileiro Série A,2025-03-29,2025-12-21,Botafogo FR,CA Mineiro,1.0,0.0
535173,2025-09-20 21:30:00+00:00,FINISHED,Campeonato Brasileiro Série A,2025-03-29,2025-12-21,Ceará SC,EC Bahia,1.0,1.0
535167,2025-09-21 00:00:00+00:00,FINISHED,Campeonato Brasileiro Série A,2025-03-29,2025-12-21,SE Palmeiras,Fortaleza EC,4.0,1.0
535169,2025-09-21 19:00:00+00:00,FINISHED,Campeonato Brasileiro Série A,2025-03-29,2025-12-21,Mirassol FC,EC Juventude,2.0,0.0
535165,2025-09-21 20:30:00+00:00,FINISHED,Campeonato Brasileiro Série A,2025-03-29,2025-12-21,CR Flamengo,CR Vasco da Gama,1.0,1.0
535171,2025-09-21 20:30:00+00:00,FINISHED,Campeonato Brasileiro Série A,2025-03-29,2025-12-21,SC Internacional,Grêmio FBPA,2.0,3.0
535174,2025-09-21 20:30:00+00:00,FINISHED,Campeonato Brasileiro Série A,2025-03-29,2025-12-21,SC Recife,SC Corinthians Paulista,1.0,0.0
535168,2025-09-21 23:30:00+00:00,FINISHED,Campeonato Brasileiro Série A,2025-03-29,2025-12-21,Santos FC,São Paulo FC,1.0,0.0
535170,2025-09-21 23:30:00+00:00,FINISHED,Campeonato Brasileiro Série A,2025-03-29,2025-12-21,Cruzeiro EC,RB Bragantino,2.0,1.0
535086,2025-09-24 22:30:00+00:00,TIMED,Campeonato Brasileiro Série A,2025-03-29,2025-12-21,CR Vasco da Gama,EC Bahia,,
535091,2025-09-24 22:30:00+00:00,TIMED,Campeonato Brasileiro Série A,2025-03-29,2025-12-21,Grêmio FBPA,Botafogo FR,,
535183,2025-09-27 19:00:00+00:00,TIMED,Campeonato Brasileiro Série A,2025-03-29,2025-12-21,Fortaleza EC,SC Recife,,
535176,2025-09-27 21:30:00+00:00,TIMED,Campeonato Brasileiro Série A,2025-03-29,2025-12-21,CR Vasco da Gama,Cruzeiro EC,,
535184,2025-09-27 21:30:00+00:00,TIMED,Campeonato Brasileiro Série A,2025-03-29,2025-12-21,EC Juventude,SC Internacional,,
535180,2025-09-28 00:00:00+00:00,TIMED,Campeonato Brasileiro Série A,2025-03-29,2025-12-21,CA Mineiro,Mirassol FC,,
535181,2025-09-28 14:00:00+00:00,TIMED,Campeonato Brasileiro Série A,2025-03-29,2025-12-21,Grêmio FBPA,EC Vitória,,
535175,2025-09-28 19:00:00+00:00,TIMED,Campeonato Brasileiro Série A,2025-03-29,2025-12-21,Fluminense FC,Botafogo FR,,
535182,2025-09-28 19:00:00+00:00,TIMED,Campeonato Brasileiro Série A,2025-03-29,2025-12-21,EC Bahia,SE Palmeiras,,
535179,2025-09-28 21:30:00+00:00,TIMED,Campeonato Brasileiro Série A,2025-03-29,2025-12-21,RB Bragantino,Santos FC,,
535177,2025-09-28 23:30:00+00:00,TIMED,Campeonato Brasileiro Série A,2025-03-29,2025-12-21,SC Corinthians Paulista,CR Flamengo,,
535178,2025-09-29 23:00:00+00:00,TIMED,Campeonato Brasileiro Série A,2025-03-29,2025-12-21,São Paulo FC,Ceará SC,,
535190,2025-10-01 00:30:00+00:00,TIMED,Campeonato Brasileiro Série A,2025-03-29,2025-12-21,CA Mineiro,EC Juventude,,
535187,2025-10-01 22:00:00+00:00,TIMED,Campeonato Brasileiro Série A,2025-03-29,2025-12-21,SE Palmeiras,CR Vasco da Gama,,
535189,2025-10-01 22:00:00+00:00,TIMED,Campeonato Brasileiro Série A,2025-03-29,2025-12-21,Mirassol FC,RB Bragantino,,
535194,2025-10-01 22:00:00+00:00,TIMED,Campeonato Brasileiro Série A,2025-03-29,2025-12-21,SC Recife,Fluminense FC,,
535191,2025-10-01 22:30:00+00:00,TIMED,Campeonato Brasileiro Série A,2025-03-29,2025-12-21,SC Internacional,SC Corinthians Paulista,,
535186,2025-10-02 00:30:00+00:00,TIMED,Campeonato Brasileiro Série A,2025-03-29,2025-12-21,Botafogo FR,EC Bahia,,
535188,2025-10-02 00:30:00+00:00,TIMED,Campeonato Brasileiro Série A,2025-03-29,2025-12-21,Santos FC,Grêmio FBPA,,
535192,2025-10-02 22:00:00+00:00,TIMED,Campeonato Brasileiro Série A,2025-03-29,2025-12-21,EC Vitória,Ceará SC,,
535193,2025-10-02 22:30:00+00:00,TIMED,Campeonato Brasileiro Série A,2025-03-29,2025-12-21,Fortaleza EC,São Paulo FC,,
535185,2025-10-02 23:30:00+00:00,TIMED,Campeonato Brasileiro Série A,2025-03-29,2025-12-21,CR Flamengo,Cruzeiro EC,,
535195,2025-10-04 21:30:00+00:00,TIMED,Campeonato Brasileiro Série A,2025-03-29,2025-12-21,Fluminense FC,CA Mineiro,,
535199,2025-10-04 21:30:00+00:00,TIMED,Campeonato Brasileiro Série A,2025-03-29,2025-12-21,RB Bragantino,Grêmio FBPA,,
535201,2025-10-04 21:30:00+00:00,TIMED,Campeonato Brasileiro Série A,2025-03-29,2025-12-21,SC Internacional,Botafogo FR,,
535197,2025-10-05 00:00:00+00:00,TIMED,Campeonato Brasileiro Série A,2025-03-29,2025-12-21,SC Corinthians Paulista,Mirassol FC,,
535196,2025-10-05 19:00:00+00:00,TIMED,Campeonato Brasileiro Série A,2025-03-29,2025-12-21,CR Vasco da Gama,EC Vitória,,
535198,2025-10-05 19:00:00+00:00,TIMED,Campeonato Brasileiro Série A,2025-03-29,2025-12-21,São Paulo FC,SE Palmeiras,,
535202,2025-10-05 21:30:00+00:00,TIMED,Campeonato Brasileiro Série A,2025-03-29,2025-12-21,EC Bahia,CR Flamengo,,
535204,2025-10-05 21:30:00+00:00,TIMED,Campeonato Brasileiro Série A,2025-03-29,2025-12-21,EC Juventude,Fortaleza EC,,
535200,2025-10-05 23:30:00+00:00,TIMED,Campeonato Brasileiro Série A,2025-03-29,2025-12-21,Cruzeiro EC,SC Recife,,
535203,2025-10-05 23:30:00+00:00,TIMED,Campeonato Brasileiro Série A,2025-03-29,2025-12-21,Ceará SC,Santos FC,,
535070,2025-10-08 22:30:00+00:00,TIMED,Campeonato Brasileiro Série A,2025-03-29,2025-12-21,CA Mineiro,SC Recife,,
535059,2025-10-09 00:00:00+00:00,TIMED,Campeonato Brasileiro Série A,2025-03-29,2025-12-21,Mirassol FC,Fluminense FC,,
535047,2025-10-11 22:00:00+00:00,TIMED,Campeonato Brasileiro Série A,2025-03-29,2025-12-21,SE Palmeiras,EC Juventude,,
535072,2025-10-22 22:00:00+00:00,TIMED,Campeonato Brasileiro Série A,2025-03-29,2025-12-21,EC Bahia,SC Internacional,,
535205,2025-10-25 00:00:00+00:00,SCHEDULED,Campeonato Brasileiro Série A,2025-03-29,2025-12-21,Fluminense FC,EC Juventude,,
535206,2025-10-25 00:00:00+00:00,SCHEDULED,Campeonato Brasileiro Série A,2025-03-29,2025-12-21,Botafogo FR,CR Flamengo,,
535207,2025-10-25 00:00:00+00:00,SCHEDULED,Campeonato Brasileiro Série A,2025-03-29,2025-12-21,SE Palmeiras,RB Bragantino,,
535208,2025-10-25 00:00:00+00:00,SCHEDULED,Campeonato Brasileiro Série A,2025-03-29,2025-12-21,Santos FC,SC Corinthians Paulista,,
535209,2025-10-25 00:00:00+00:00,SCHEDULED,Campeonato Brasileiro Série A,2025-03-29,2025-12-21,Mirassol FC,SC Internacional,,
535210,2025-10-25 00:00:00+00:00,SCHEDULED,Campeonato Brasileiro Série A,2025-03-29,2025-12-21,CA Mineiro,Cruzeiro EC,,
535211,2025-10-25 00:00:00+00:00,SCHEDULED,Campeonato Brasileiro Série A,2025-03-29,2025-12-21,Grêmio FBPA,São Paulo FC,,
535212,2025-10-25 00:00:00+00:00,SCHEDULED,Campeonato Brasileiro Série A,2025-03-29,2025-12-21,EC Vitória,EC Bahia,,
535213,2025-10-25 00:00:00+00:00,SCHEDULED,Campeonato Brasileiro Série A,2025-03-29,2025-12-21,Fortaleza EC,CR Vasco da Gama,,
535214,2025-10-25 00:00:00+00:00,SCHEDULED,Campeonato Brasileiro Série A,2025-03-29,2025-12-21,SC Recife,Ceará SC,,
535215,2025-11-05 00:00:00+00:00,SCHEDULED,Campeonato Brasileiro Série A,2025-03-29,2025-12-21,CR Flamengo,SE Palmeiras,,
535216,2025-11-05 00:00:00+00:00,SCHEDULED,Campeonato Brasileiro Série A,2025-03-29,2025-12-21,CR Vasco da Gama,Fluminense FC,,
535217,2025-11-05 00:00:00+00:00,SCHEDULED,Campeonato Brasileiro Série A,2025-03-29,2025-12-21,SC Corinthians Paulista,CA Mineiro,,
535218,2025-11-05 00:00:00+00:00,SCHEDULED,Campeonato Brasileiro Série A,2025-03-29,2025-12-21,Santos FC,EC Vitória,,
535219,2025-11-05 00:00:00+00:00,SCHEDULED,Campeonato Brasileiro Série A,2025-03-29,2025-12-21,Mirassol FC,São Paulo FC,,
535220,2025-11-05 00:00:00+00:00,SCHEDULED,Campeonato Brasileiro Série A,2025-03-29,2025-12-21,Cruzeiro EC,Fortaleza EC,,
535221,2025-11-05 00:00:00+00:00,SCHEDULED,Campeonato Brasileiro Série A,2025-03-29,2025-12-21,SC Internacional,SC Recife,,
535222,2025-11-05 00:00:00+00:00,SCHEDULED,Campeonato Brasileiro Série A,2025-03-29,2025-12-21,EC Bahia,Grêmio FBPA,,
535223,2025-11-05 00:00:00+00:00,SCHEDULED,Campeonato Brasileiro Série A,2025-03-29,2025-12-21,Ceará SC,Botafogo FR,,
535224,2025-11-05 00:00:00+00:00,SCHEDULED,Campeonato Brasileiro Série A,2025-03-29,2025-12-21,EC Juventude,RB Bragantino,,
535225,2025-11-19 00:00:00+00:00,SCHEDULED,Campeonato Brasileiro Série A,2025-03-29,2025-12-21,Fluminense FC,SC Internacional,,
535226,2025-11-19 00:00:00+00:00,SCHEDULED,Campeonato Brasileiro Série A,2025-03-29,2025-12-21,Botafogo FR,Santos FC,,
535227,2025-11-19 00:00:00+00:00,SCHEDULED,Campeonato Brasileiro Série A,2025-03-29,2025-12-21,SE Palmeiras,Cruzeiro EC,,
535228,2025-11-19 00:00:00+00:00,SCHEDULED,Campeonato Brasileiro Série A,2025-03-29,2025-12-21,São Paulo FC,EC Bahia,,
535229,2025-11-19 00:00:00+00:00,SCHEDULED,Campeonato Brasileiro Série A,2025-03-29,2025-12-21,RB Bragantino,CR Vasco da Gama,,
535230,2025-11-19 00:00:00+00:00,SCHEDULED,Campeonato Brasileiro Série A,2025-03-29,2025-12-21,CA Mineiro,Ceará SC,,
535231,2025-11-19 00:00:00+00:00,SCHEDULED,Campeonato Brasileiro Série A,2025-03-29,2025-12-21,Grêmio FBPA,EC Juventude,,
535232,2025-11-19 00:00:00+00:00,SCHEDULED,Campeonato Brasileiro Série A,2025-03-29,2025-12-21,EC Vitória,SC Corinthians Paulista,,
535233,2025-11-19 00:00:00+00:00,SCHEDULED,Campeonato Brasileiro Série A,2025-03-29,2025-12-21,Fortaleza EC,CR Flamengo,,
535234,2025-11-19 00:00:00+00:00,SCHEDULED,Campeonato Brasileiro Série A,2025-03-29,2025-12-21,SC Recife,Mirassol FC,,
535235,2025-11-22 00:00:00+00:00,SCHEDULED,Campeonato Brasileiro Série A,2025-03-29,2025-12-21,CR Flamengo,SC Recife,,
535236,2025-11-22 00:00:00+00:00,SCHEDULED,Campeonato Brasileiro Série A,2025-03-29,2025-12-21,CR Vasco da Gama,São Paulo FC,,
535237,2025-11-22 00:00:00+00:00,SCHEDULED,Campeonato Brasileiro Série A,2025-03-29,2025-12-21,SC Corinthians Paulista,Grêmio FBPA,,
535238,2025-11-22 00:00:00+00:00,SCHEDULED,Campeonato Brasileiro Série A,2025-03-29,2025-12-21,Santos FC,Fortaleza EC,,
535239,2025-11-22 00:00:00+00:00,SCHEDULED,Campeonato Brasileiro Série A,2025-03-29,2025-12-21,Mirassol FC,Botafogo FR,,
535240,2025-11-22 00:00:00+00:00,SCHEDULED,Campeonato Brasileiro Série A,2025-03-29,2025-12-21,Cruzeiro EC,EC Vitória,,
535241,2025-11-22 00:00:00+00:00,SCHEDULED,Campeonato Brasileiro Série A,2025-03-29,2025-12-21,SC Internacional,CA Mineiro,,
535242,2025-11-22 00:00:00+00:00,SCHEDULED,Campeonato Brasileiro Série A,2025-03-29,2025-12-21,EC Bahia,RB Bragantino,,
535243,2025-11-22 00:00:00+00:00,SCHEDULED,Campeonato Brasileiro Série A,2025-03-29,2025-12-21,Ceará SC,Fluminense FC,,
535244,2025-11-22 00:00:00+00:00,SCHEDULED,Campeonato Brasileiro Série A,2025-03-29,2025-12-21,EC Juventude,SE Palmeiras,,
535245,2025-11-29 00:00:00+00:00,SCHEDULED,Campeonato Brasileiro Série A,2025-03-29,2025-12-21,Fluminense FC,Mirassol FC,,
535246,2025-11-29 00:00:00+00:00,SCHEDULED,Campeonato Brasileiro Série A,2025-03-29,2025-12-21,Botafogo FR,CR Vasco da Gama,,
535247,2025-11-29 00:00:00+00:00,SCHEDULED,Campeonato Brasileiro Série A,2025-03-29,2025-12-21,SE Palmeiras,Santos FC,,
535248,2025-11-29 00:00:00+00:00,SCHEDULED,Campeonato Brasileiro Série A,2025-03-29,2025-12-21,São Paulo FC,CR Flamengo,,
535249,2025-11-29 00:00:00+00:00,SCHEDULED,Campeonato Brasileiro Série A,2025-03-29,2025-12-21,RB Bragantino,SC Corinthians Paulista,,
535250,2025-11-29 00:00:00+00:00,SCHEDULED,Campeonato Brasileiro Série A,2025-03-29,2025-12-21,CA Mineiro,EC Bahia,,
535251,2025-11-29 00:00:00+00:00,SCHEDULED,Campeonato Brasileiro Série A,2025-03-29,2025-12-21,Grêmio FBPA,Cruzeiro EC,,
535252,2025-11-29 00:00:00+00:00,SCHEDULED,Campeonato Brasileiro Série A,2025-03-29,2025-12-21,EC Vitória,SC Internacional,,
535253,2025-11-29 00:00:00+00:00,SCHEDULED,Campeonato Brasileiro Série A,2025-03-29,2025-12-21,Ceará SC,Fortaleza EC,,
535254,2025-11-29 00:00:00+00:00,SCHEDULED,Campeonato Brasileiro Série A,2025-03-29,2025-12-21,SC Recife,EC Juventude,,
535255,2025-12-03 00:00:00+00:00,SCHEDULED,Campeonato Brasileiro Série A,2025-03-29,2025-12-21,CR Flamengo,Santos FC,,
535256,2025-12-03 00:00:00+00:00,SCHEDULED,Campeonato Brasileiro Série A,2025-03-29,2025-12-21,CR Vasco da Gama,EC Juventude,,
535257,2025-12-03 00:00:00+00:00,SCHEDULED,Campeonato Brasileiro Série A,2025-03-29,2025-12-21,SC Corinthians Paulista,Ceará SC,,
535258,2025-12-03 00:00:00+00:00,SCHEDULED,Campeonato Brasileiro Série A,2025-03-29,2025-12-21,São Paulo FC,RB Bragantino,,
535259,2025-12-03 00:00:00+00:00,SCHEDULED,Campeonato Brasileiro Série A,2025-03-29,2025-12-21,Mirassol FC,SE Palmeiras,,
535260,2025-12-03 00:00:00+00:00,SCHEDULED,Campeonato Brasileiro Série A,2025-03-29,2025-12-21,Cruzeiro EC,Fluminense FC,,
535261,2025-12-03 00:00:00+00:00,SCHEDULED,Campeonato Brasileiro Série A,2025-03-29,2025-12-21,SC Internacional,EC Bahia,,
535262,2025-12-03 00:00:00+00:00,SCHEDULED,Campeonato Brasileiro Série A,2025-03-29,2025-12-21,EC Vitória,Botafogo FR,,
535263,2025-12-03 00:00:00+00:00,SCHEDULED,Campeonato Brasileiro Série A,2025-03-29,2025-12-21,Fortaleza EC,Grêmio FBPA,,
535264,2025-12-03 00:00:00+00:00,SCHEDULED,Campeonato Brasileiro Série A,2025-03-29,2025-12-21,SC Recife,CA Mineiro,,
535265,2025-12-06 00:00:00+00:00,SCHEDULED,Campeonato Brasileiro Série A,2025-03-29,2025-12-21,Fluminense FC,CR Flamengo,,
535266,2025-12-06 00:00:00+00:00,SCHEDULED,Campeonato Brasileiro Série A,2025-03-29,2025-12-21,Botafogo FR,SC Recife,,
535267,2025-12-06 00:00:00+00:00,SCHEDULED,Campeonato Brasileiro Série A,2025-03-29,2025-12-21,SC Corinthians Paulista,São Paulo FC,,
535268,2025-12-06 00:00:00+00:00,SCHEDULED,Campeonato Brasileiro Série A,2025-03-29,2025-12-21,Santos FC,Mirassol FC,,
535269,2025-12-06 00:00:00+00:00,SCHEDULED,Campeonato Brasileiro Série A,2025-03-29,2025-12-21,RB Bragantino,EC Vitória,,
535270,2025-12-06 00:00:00+00:00,SCHEDULED,Campeonato Brasileiro Série A,2025-03-29,2025-12-21,CA Mineiro,SE Palmeiras,,
535271,2025-12-06 00:00:00+00:00,SCHEDULED,Campeonato Brasileiro Série A,2025-03-29,2025-12-21,Grêmio FBPA,CR Vasco da Gama,,
535272,2025-12-06 00:00:00+00:00,SCHEDULED,Campeonato Brasileiro Série A,2025-03-29,2025-12-21,EC Bahia,Fortaleza EC,,
535273,2025-12-06 00:00:00+00:00,SCHEDULED,Campeonato Brasileiro Série A,2025-03-29,2025-12-21,Ceará SC,SC Internacional,,
535274,2025-12-06 00:00:00+00:00,SCHEDULED,Campeonato Brasileiro Série A,2025-03-29,2025-12-21,EC Juventude,Cruzeiro EC,,
535275,2025-12-10 00:00:00+00:00,SCHEDULED,Campeonato Brasileiro Série A,2025-03-29,2025-12-21,CR Flamengo,RB Bragantino,,
535276,2025-12-10 00:00:00+00:00,SCHEDULED,Campeonato Brasileiro Série A,2025-03-29,2025-12-21,Botafogo FR,Grêmio FBPA,,
535277,2025-12-10 00:00:00+00:00,SCHEDULED,Campeonato Brasileiro Série A,2025-03-29,2025-12-21,SE Palmeiras,Fluminense FC,,
535278,2025-12-10 00:00:00+00:00,SCHEDULED,Campeonato Brasileiro Série A,2025-03-29,2025-12-21,São Paulo FC,EC Juventude,,
535279,2025-12-10 00:00:00+00:00,SCHEDULED,Campeonato Brasileiro Série A,2025-03-29,2025-12-21,Mirassol FC,Ceará SC,,
535280,2025-12-10 00:00:00+00:00,SCHEDULED,Campeonato Brasileiro Série A,2025-03-29,2025-12-21,Cruzeiro EC,SC Corinthians Paulista,,
535281,2025-12-10 00:00:00+00:00,SCHEDULED,Campeonato Brasileiro Série A,2025-03-29,2025-12-21,SC Internacional,Santos FC,,
535282,2025-12-10 00:00:00+00:00,SCHEDULED,Campeonato Brasileiro Série A,2025-03-29,2025-12-21,EC Bahia,CR Vasco da Gama,,
535283,2025-12-10 00:00:00+00:00,SCHEDULED,Campeonato Brasileiro Série A,2025-03-29,2025-12-21,Fortaleza EC,CA Mineiro,,
535284,2025-12-10 00:00:00+00:00,SCHEDULED,Campeonato Brasileiro Série A,2025-03-29,2025-12-21,SC Recife,EC Vitória,,
535285,2025-12-13 00:00:00+00:00,SCHEDULED,Campeonato Brasileiro Série A,2025-03-29,2025-12-21,Fluminense FC,São Paulo FC,,
535286,2025-12-13 00:00:00+00:00,SCHEDULED,Campeonato Brasileiro Série A,2025-03-29,2025-12-21,CR Vasco da Gama,SC Internacional,,
535287,2025-12-13 00:00:00+00:00,SCHEDULED,Campeonato Brasileiro Série A,2025-03-29,2025-12-21,SC Corinthians Paulista,Botafogo FR,,
535288,2025-12-13 00:00:00+00:00,SCHEDULED,Campeonato Brasileiro Série A,2025-03-29,2025-12-21,Santos FC,SC Recife,,
535289,2025-12-13 00:00:00+00:00,SCHEDULED,Campeonato Brasileiro Série A,2025-03-29,2025-12-21,RB Bragantino,Fortaleza EC,,
535290,2025-12-13 00:00:00+00:00,SCHEDULED,Campeonato Brasileiro Série A,2025-03-29,2025-12-21,CA Mineiro,CR Flamengo,,
535291,2025-12-13 00:00:00+00:00,SCHEDULED,Campeonato Brasileiro Série A,2025-03-29,2025-12-21,Grêmio FBPA,SE Palmeiras,,
535292,2025-12-13 00:00:00+00:00,SCHEDULED,Campeonato Brasileiro Série A,2025-03-29,2025-12-21,EC Vitória,Mirassol FC,,
535293,2025-12-13 00:00:00+00:00,SCHEDULED,Campeonato Brasileiro Série A,2025-03-29,2025-12-21,Ceará SC,Cruzeiro EC,,
535294,2025-12-13 00:00:00+00:00,SCHEDULED,Campeonato Brasileiro Série A,2025-03-29,2025-12-21,EC Juventude,EC Bahia,,
535296,2025-12-17 00:00:00+00:00,SCHEDULED,Campeonato Brasileiro Série A,2025-03-29,2025-12-21,CR Vasco da Gama,Mirassol FC,,
535297,2025-12-17 00:00:00+00:00,SCHEDULED,Campeonato Brasileiro Série A,2025-03-29,2025-12-21,SE Palmeiras,EC Vitória,,
535298,2025-12-17 00:00:00+00:00,SCHEDULED,Campeonato Brasileiro Série A,2025-03-29,2025-12-21,São Paulo FC,SC Internacional,,
535299,2025-12-17 00:00:00+00:00,SCHEDULED,Campeonato Brasileiro Série A,2025-03-29,2025-12-21,RB Bragantino,CA Mineiro,,
535300,2025-12-17 00:00:00+00:00,SCHEDULED,Campeonato Brasileiro Série A,2025-03-29,2025-12-21,Cruzeiro EC,Botafogo FR,,
535301,2025-12-17 00:00:00+00:00,SCHEDULED,Campeonato Brasileiro Série A,2025-03-29,2025-12-21,Grêmio FBPA,Fluminense FC,,
535302,2025-12-17 00:00:00+00:00,SCHEDULED,Campeonato Brasileiro Série A,2025-03-29,2025-12-21,EC Bahia,SC Recife,,
535303,2025-12-17 00:00:00+00:00,SCHEDULED,Campeonato Brasileiro Série A,2025-03-29,2025-12-21,Fortaleza EC,SC Corinthians Paulista,,
535304,2025-12-17 00:00:00+00:00,SCHEDULED,Campeonato Brasileiro Série A,2025-03-29,2025-12-21,EC Juventude,Santos FC,,
535295,2025-12-17 00:00:00+00:00,SCHEDULED,Campeonato Brasileiro Série A,2025-03-29,2025-12-21,CR Flamengo,Ceará SC,,
535305,2025-12-21 00:00:00+00:00,SCHEDULED,Campeonato Brasileiro Série A,2025-03-29,2025-12-21,Fluminense FC,EC Bahia,,
535306,2025-12-21 00:00:00+00:00,SCHEDULED,Campeonato Brasileiro Série A,2025-03-29,2025-12-21,Botafogo FR,Fortaleza EC,,
535307,2025-12-21 00:00:00+00:00,SCHEDULED,Campeonato Brasileiro Série A,2025-03-29,2025-12-21,SC Corinthians Paulista,EC Juventude,,
535308,2025-12-21 00:00:00+00:00,SCHEDULED,Campeonato Brasileiro Série A,2025-03-29,2025-12-21,Santos FC,Cruzeiro EC,,
535309,2025-12-21 00:00:00+00:00,SCHEDULED,Campeonato Brasileiro Série A,2025-03-29,2025-12-21,Mirassol FC,CR Flamengo,,
535310,2025-12-21 00:00:00+00:00,SCHEDULED,Campeonato Brasileiro Série A,2025-03-29,2025-12-21,CA Mineiro,CR Vasco da Gama,,
535311,2025-12-21 00:00:00+00:00,SCHEDULED,Campeonato Brasileiro Série A,2025-03-29,2025-12-21,SC Internacional,RB Bragantino,,
535312,2025-12-21 00:00:00+00:00,SCHEDULED,Campeonato Brasileiro Série A,2025-03-29,2025-12-21,EC Vitória,São Paulo FC,,
535313,2025-12-21 00:00:00+00:00,SCHEDULED,Campeonato Brasileiro Série A,2025-03-29,2025-12-21,Ceará SC,SE Palmeiras,,
535314,2025-12-21 00:00:00+00:00,SCHEDULED,Campeonato Brasileiro Série A,2025-03-29,2025-12-21,SC Recife,Grêmio FBPA,,
